{
    "val_recall": 0.11077059978250345,
    "val_ndcg": 0.1174902661287156,
    "test_recall": 0.11209005944946046,
    "test_ndcg": 0.1173472222018658,
    "model_path": "./results/lightgcn_20250902_135345/best_model.pt",
    "evaluation_time": "2025-09-02 14:05:59",
    "k": 20,
    "embed_dim": 64,
    "n_layers": 3
}